{
    "Muon_etaMinusGen": [
        -0.29418912078557663,
        0.29370136082013415
    ],
    "Muon_phiMinusGen": [
        -0.2980953502587404,
        0.2924802962686709
    ],
    "Muon_ptRatio": [
        0.5024827255481237,
        1.4998739884062053
    ],
    "Muon_dxy": [
        -3.9745190998079982,
        20.638973889350968
    ],
    "Muon_dxyErr": [
        0.0005874633986786559,
        0.570312483147617
    ],
    "Muon_dz": [
        -19.999932960464967,
        19.999932960464967
    ]
}