{
    "Electron_convVeto": [
        0.0,
        1.0
    ],
    "Electron_deltaEtaSC": [
        -0.306884765625,
        0.2465820163488388
    ],
    "Electron_dr03EcalRecHitSumEt": [
        -9.592630552737735e-11,
        297.00002783416994
    ],
    "Electron_dr03HcalDepth1TowerSumEt": [
        -9.592630552737735e-11,
        441.9999058942533
    ],
    "Electron_dr03TkSumPt": [
        -9.592630552737735e-11,
        481.999952745105
    ],
    "Electron_dr03TkSumPtHEEP": [
        -9.592630552737735e-11,
        408.0001717083099
    ],
    "Electron_dxy": [
        -6.027184024198356,
        5.48402006794308
    ],
    "Electron_dxyErr": [
        0.0011444090578713374,
        1.3750000237995377
    ],
    "Electron_dz": [
        -34.63051384624572,
        35.375313823272386
    ],
    "Electron_dzErr": [
        0.0016326909945875235,
        7.8749997077658
    ],
    "Electron_eInvMinusPInv": [
        -2.306650584293518,
        0.7050791210430664
    ],
    "Electron_energyErr": [
        0.04882812298346487,
        141.9999630396166
    ],
    "Electron_etaMinusGen": [
        -0.29327371282816245,
        0.2851569345833258
    ],
    "Electron_hoe": [
        -9.592630552737735e-11,
        24.87499860401814
    ],
    "Electron_ip3d": [
        1.3969681027339734e-05,
        13.632815215816752
    ],
    "Electron_isPFcand": [
        0.0,
        1.0
    ],
    "Electron_jetPtRelv2": [
        0.0,
        733.9997836988666
    ],
    "Electron_jetRelIso": [
        -0.000995635987859828,
        69.50003349256379
    ],
    "Electron_lostHits": [
        0.0,
        6.0
    ],
    "Electron_miniPFRelIso_all": [
        -9.592630552737735e-11,
        38.456015598337494
    ],
    "Electron_miniPFRelIso_chg": [
        -9.592630552737735e-11,
        29.461264788338465
    ],
    "Electron_mvaFall17V1Iso": [
        -0.9999794960021973,
        0.9997687339782715
    ],
    "Electron_mvaFall17V1Iso_WP80": [
        0.0,
        1.0
    ],
    "Electron_mvaFall17V1Iso_WP90": [
        0.0,
        1.0
    ],
    "Electron_mvaFall17V1Iso_WPL": [
        0.0,
        1.0
    ],
    "Electron_mvaFall17V1noIso": [
        -0.9999875426292419,
        0.9993960857391357
    ],
    "Electron_mvaFall17V1noIso_WP80": [
        0.0,
        1.0
    ],
    "Electron_mvaFall17V1noIso_WP90": [
        0.0,
        1.0
    ],
    "Electron_mvaFall17V1noIso_WPL": [
        0.0,
        1.0
    ],
    "Electron_mvaFall17V2Iso": [
        -1.0,
        1.0
    ],
    "Electron_mvaFall17V2Iso_WP80": [
        0.0,
        1.0
    ],
    "Electron_mvaFall17V2Iso_WP90": [
        0.0,
        1.0
    ],
    "Electron_mvaFall17V2Iso_WPL": [
        0.0,
        1.0
    ],
    "Electron_mvaFall17V2noIso": [
        -1.0,
        1.0
    ],
    "Electron_mvaFall17V2noIso_WP80": [
        0.0,
        1.0
    ],
    "Electron_mvaFall17V2noIso_WP90": [
        0.0,
        1.0
    ],
    "Electron_mvaFall17V2noIso_WPL": [
        0.0,
        1.0
    ],
    "Electron_mvaTTH": [
        -0.999908447265625,
        0.99334716796875
    ],
    "Electron_pfRelIso03_all": [
        -9.592630552737735e-11,
        50.323874098643884
    ],
    "Electron_pfRelIso03_chg": [
        -9.592630552737735e-11,
        38.83318067816531
    ],
    "Electron_phiMinusGen": [
        -0.2937015195240301,
        0.29394566594240207
    ],
    "Electron_ptRatio": [
        0.49965438752390695,
        1.5023051054300471
    ],
    "Electron_r9": [
        0.1287841840240049,
        15.562519314049151
    ],
    "Electron_seedGain": [
        1.0,
        12.0
    ],
    "Electron_sieie": [
        6.0503525009525385e-09,
        0.08569336770578366
    ],
    "Electron_sip3d": [
        0.0063476566173378945,
        2718.000266629561
    ],
    "Electron_tightCharge": [
        0.0,
        2.0
    ]
}