{
    "Electron_convVeto": [
        0.0,
        1.0
    ],
    "Electron_deltaEtaSC": [
        -0.3117676007438842,
        0.23864747514973472
    ],
    "Electron_dr03EcalRecHitSumEt": [
        -9.592630552737735e-11,
        509.0000138484917
    ],
    "Electron_dr03HcalDepth1TowerSumEt": [
        -9.592630552737735e-11,
        273.999936189525
    ],
    "Electron_dr03TkSumPt": [
        -9.592630552737735e-11,
        774.000012054127
    ],
    "Electron_dr03TkSumPtHEEP": [
        -9.592630552737735e-11,
        423.9998865340904
    ],
    "Electron_dxy": [
        -4.554653011274738,
        4.085914618769389
    ],
    "Electron_dxyErr": [
        0.0008773796370922834,
        1.9374999799999872
    ],
    "Electron_dz": [
        -37.093626760925744,
        25.06245819468625
    ],
    "Electron_dzErr": [
        0.0007858277781576937,
        7.937500589751268
    ],
    "Electron_eInvMinusPInv": [
        -2.7968800694506224,
        0.9687500924311724
    ],
    "Electron_energyErr": [
        0.03857421610885842,
        141.9999630396166
    ],
    "Electron_etaMinusGen": [
        -0.2943115962869513,
        0.28997793562147295
    ],
    "Electron_hoe": [
        -9.592630552737735e-11,
        38.74999633879624
    ],
    "Electron_ip3d": [
        2.0474168796375024e-05,
        15.437499054642451
    ],
    "Electron_isPFcand": [
        0.0,
        1.0
    ],
    "Electron_jetPtRelv2": [
        0.0,
        291.00005709606575
    ],
    "Electron_jetRelIso": [
        -0.0009918212840791202,
        101.99997672774026
    ],
    "Electron_lostHits": [
        -1.0,
        5.0
    ],
    "Electron_miniPFRelIso_all": [
        -9.592630552737735e-11,
        47.36492099130836
    ],
    "Electron_miniPFRelIso_chg": [
        -9.592630552737735e-11,
        41.42540328094249
    ],
    "Electron_mvaFall17V1Iso": [
        -0.9999851584434509,
        0.9997118711471558
    ],
    "Electron_mvaFall17V1Iso_WP80": [
        0.0,
        1.0
    ],
    "Electron_mvaFall17V1Iso_WP90": [
        0.0,
        1.0
    ],
    "Electron_mvaFall17V1Iso_WPL": [
        0.0,
        1.0
    ],
    "Electron_mvaFall17V1noIso": [
        -0.9999855756759644,
        0.9992895722389221
    ],
    "Electron_mvaFall17V1noIso_WP80": [
        0.0,
        1.0
    ],
    "Electron_mvaFall17V1noIso_WP90": [
        0.0,
        1.0
    ],
    "Electron_mvaFall17V1noIso_WPL": [
        0.0,
        1.0
    ],
    "Electron_mvaFall17V2Iso": [
        -1.0,
        1.0
    ],
    "Electron_mvaFall17V2Iso_WP80": [
        0.0,
        1.0
    ],
    "Electron_mvaFall17V2Iso_WP90": [
        0.0,
        1.0
    ],
    "Electron_mvaFall17V2Iso_WPL": [
        0.0,
        1.0
    ],
    "Electron_mvaFall17V2noIso": [
        -1.0,
        1.0
    ],
    "Electron_mvaFall17V2noIso_WP80": [
        0.0,
        1.0
    ],
    "Electron_mvaFall17V2noIso_WP90": [
        0.0,
        1.0
    ],
    "Electron_mvaFall17V2noIso_WPL": [
        0.0,
        1.0
    ],
    "Electron_mvaTTH": [
        -0.99993896484375,
        0.99078369140625
    ],
    "Electron_pfRelIso03_all": [
        -9.592630552737735e-11,
        75.61351845478504
    ],
    "Electron_pfRelIso03_chg": [
        -9.592630552737735e-11,
        63.923910538741566
    ],
    "Electron_phiMinusGen": [
        -0.29785157839723764,
        0.29028315915037944
    ],
    "Electron_ptRatio": [
        0.5002216100692749,
        1.4997695684432983
    ],
    "Electron_r9": [
        0.16833499021963233,
        23.437495760151315
    ],
    "Electron_seedGain": [
        1.0,
        12.0
    ],
    "Electron_sieie": [
        -3.197543632649236e-10,
        0.07843017603871136
    ],
    "Electron_sip3d": [
        0.007457733566458269,
        5011.999390801441
    ],
    "Electron_tightCharge": [
        0.0,
        2.0
    ],
    "Electron_charge": [
        -1.0,
        1.0
    ]
}