{
    "Electron_charge": 1.9999999496643222,
    "Electron_convVeto": 1.4999998631738123,
    "Electron_deltaEtaSC": 1.5102070709426805,
    "Electron_dr03EcalRecHitSumEt": 14.079716769883873,
    "Electron_dr03HcalDepth1TowerSumEt": 13.425607468073451,
    "Electron_dr03TkSumPt": 13.43609236318392,
    "Electron_dr03TkSumPtHEEP": 13.663265596206497,
    "Electron_dxy": 1.5689106484170745,
    "Electron_dxyErr": 6.907755278982137,
    "Electron_dz": 1.5693741055315904,
    "Electron_dzErr": 6.358234921712065,
    "Electron_eInvMinusPInv": 1.5502534706506437,
    "Electron_energyErr": 5.351858133476067,
    "Electron_etaMinusGen": 1.4054097681139421,
    "Electron_hoe": 7.447574711626339,
    "Electron_ip3d": 6.9074780161264435,
    "Electron_isPFcand": 1.499999751648245,
    "Electron_jetPtRelv2": 6.7226297948554485,
    "Electron_jetRelIso": 12.112006136491068,
    "Electron_lostHits": 7.457374872743203,
    "Electron_miniPFRelIso_all": 7.439192143387093,
    "Electron_miniPFRelIso_chg": 7.443391488855017,
    "Electron_mvaFall17V1Iso": 0.9999978542327881,
    "Electron_mvaFall17V1Iso_WP80": 1.4999990242545613,
    "Electron_mvaFall17V1Iso_WP90": 1.499998460645326,
    "Electron_mvaFall17V1Iso_WPL": 1.4999998228687659,
    "Electron_mvaFall17V1noIso": 0.9999977350234985,
    "Electron_mvaFall17V1noIso_WP80": 1.499999958236179,
    "Electron_mvaFall17V1noIso_WP90": 1.4999994238085312,
    "Electron_mvaFall17V1noIso_WPL": 1.4999998289887966,
    "Electron_mvaFall17V2Iso": 1.0,
    "Electron_mvaFall17V2Iso_WP80": 1.4999999925787235,
    "Electron_mvaFall17V2Iso_WP90": 1.4999995346620194,
    "Electron_mvaFall17V2Iso_WPL": 1.4999997556799012,
    "Electron_mvaFall17V2noIso": 1.0,
    "Electron_mvaFall17V2noIso_WP80": 1.4999995493018448,
    "Electron_mvaFall17V2noIso_WP90": 1.499999774189122,
    "Electron_mvaFall17V2noIso_WPL": 1.499999991063452,
    "Electron_mvaTTH": 0.99993896484375,
    "Electron_pfRelIso03_all": 7.339519829872231,
    "Electron_pfRelIso03_chg": 7.396393371918961,
    "Electron_phiMinusGen": 1.4055420081383219,
    "Electron_ptRatio": 1.499998688697815,
    "Electron_r9": 4.317621437981545,
    "Electron_seedGain": 12.49999984132712,
    "Electron_sieie": 2.3025850929940455,
    "Electron_sip3d": 9.365033761652663,
    "Electron_tightCharge": 2.499999774567203
}