{
    "Electron_convVeto": 1.4999997207656333,
    "Electron_deltaEtaSC": 1.3837890625,
    "Electron_dr03EcalRecHitSumEt": 13.43518283618986,
    "Electron_dr03HcalDepth1TowerSumEt": 13.45328194996367,
    "Electron_dr03TkSumPt": 13.356172819003637,
    "Electron_dr03TkSumPtHEEP": 13.87996837681826,
    "Electron_dxy": 1.5702432916384892,
    "Electron_dxyErr": 6.907755278982137,
    "Electron_dz": 1.570499755904611,
    "Electron_dzErr": 6.319365226276585,
    "Electron_eInvMinusPInv": 1.5693351406201947,
    "Electron_energyErr": 5.3706380281276624,
    "Electron_etaMinusGen": 1.5376156402870995,
    "Electron_hoe": 9.693766126801183,
    "Electron_ip3d": 6.905576496783076,
    "Electron_isPFcand": 1.499999978808828,
    "Electron_jetPtRelv2": 7.1204443723924875,
    "Electron_jetRelIso": 12.112006136491068,
    "Electron_lostHits": 8.175891903418448,
    "Electron_miniPFRelIso_all": 9.23172768656012,
    "Electron_miniPFRelIso_chg": 9.466399854756691,
    "Electron_mvaFall17V1Iso": 0.9999960064888,
    "Electron_mvaFall17V1Iso_WP80": 1.4999996416490307,
    "Electron_mvaFall17V1Iso_WP90": 1.4999986453380778,
    "Electron_mvaFall17V1Iso_WPL": 1.49999930411541,
    "Electron_mvaFall17V1noIso": 0.999995231628418,
    "Electron_mvaFall17V1noIso_WP80": 1.499999958236179,
    "Electron_mvaFall17V1noIso_WP90": 1.4999998011925004,
    "Electron_mvaFall17V1noIso_WPL": 1.4999998289887966,
    "Electron_mvaFall17V2Iso": 1.0,
    "Electron_mvaFall17V2Iso_WP80": 1.4999999925787235,
    "Electron_mvaFall17V2Iso_WP90": 1.4999996446779242,
    "Electron_mvaFall17V2Iso_WPL": 1.4999997556799012,
    "Electron_mvaFall17V2noIso": 1.0,
    "Electron_mvaFall17V2noIso_WP80": 1.4999995493018448,
    "Electron_mvaFall17V2noIso_WP90": 1.499999207638771,
    "Electron_mvaFall17V2noIso_WPL": 1.499999991063452,
    "Electron_mvaTTH": 0.999969482421875,
    "Electron_pfRelIso03_all": 9.486760513886901,
    "Electron_pfRelIso03_chg": 9.31597502171708,
    "Electron_phiMinusGen": 1.5292954328035806,
    "Electron_ptRatio": 1.544877149346,
    "Electron_r9": 1.5439205571062302,
    "Electron_seedGain": 12.499999774567202,
    "Electron_sieie": 1.2964109626555236,
    "Electron_sip3d": 8.951180966457603,
    "Electron_tightCharge": 2.4999995030551316
}